{
  "last_run": "2026-06-30T18:17:15.714976+00:00",
  "last_win_rate": 0.16666666666666666,
  "sessions": 62,
  "trades_since_teacher": 5
}