{
  "last_run": "2026-06-30T18:49:47.352525+00:00",
  "last_win_rate": 0.09090909090909091,
  "sessions": 63,
  "trades_since_teacher": 5
}