{
  "last_run": "2026-06-30T06:18:47.563086+00:00",
  "last_win_rate": 0.12903225806451613,
  "sessions": 57,
  "trades_since_teacher": 3
}