{
  "last_run": "2026-06-30T18:58:40.905283+00:00",
  "last_win_rate": 0.09090909090909091,
  "sessions": 64,
  "trades_since_teacher": 5
}