{
  "last_run": "2026-06-29T07:06:28.097546+00:00",
  "last_win_rate": 0.34146341463414637,
  "sessions": 51,
  "trades_since_teacher": 1
}