{
  "last_run": "2026-06-27T11:55:49.851292+00:00",
  "last_win_rate": 0.2558139534883721,
  "sessions": 39,
  "trades_since_teacher": 0
}