{
  "momentum": 0.532004502147738,
  "volume": 0.532004502147738,
  "institutional": 0.532004502147738,
  "vwap_slope": 0.532004502147738,
  "atr_bonus": 0.532004502147738,
  "mean_reversion": 0.532004502147738,
  "trend_filter": 0.532004502147738,
  "price_rising": 0.532004502147738,
  "rsi_filter": 0.532004502147738,
  "volatility_gate": 0.532004502147738,
  "_meta": {
    "train_timestamp": "2026-06-30T10:02:41.381457",
    "buffer_total": 2000,
    "buffer_win_rate": 0.034,
    "trade_win_rate": 0.444,
    "sources": {
      "runtime_observer": 211,
      "live_trade": 112,
      "profit_hunt": 39,
      "ai_council": 297,
      "halim_ppo_coevolution": 482,
      "scan_pick": 63,
      "scan_complete": 30,
      "teacher_ppo": 124,
      "ppo_entry": 164,
      "consciousness": 6,
      "ppo_led": 185,
      "replay_slippage_abort": 102,
      "replay_live": 181,
      "halim_ppo_outcome": 4
    },
    "missed_profit_hunts": 0,
    "profit_hunt_events": 39
  }
}