{
  "momentum": 13.129649974134523,
  "volume": 13.129649974134523,
  "institutional": 13.129649974134523,
  "vwap_slope": 13.129649974134523,
  "atr_bonus": 13.129649974134523,
  "mean_reversion": 13.129649974134523,
  "trend_filter": 13.129649974134523,
  "price_rising": 13.129649974134523,
  "rsi_filter": 13.129649974134523,
  "volatility_gate": 13.129649974134523,
  "_meta": {
    "train_timestamp": "2026-06-29T11:04:53.828450",
    "buffer_total": 2000,
    "buffer_win_rate": 0.278,
    "trade_win_rate": 1.0,
    "sources": {
      "live_trade": 812,
      "scan_pick": 18,
      "market_context": 1,
      "backtest": 21,
      "ppo_led": 190,
      "halim_ppo_coevolution": 313,
      "ppo_entry": 77,
      "ai_council": 123,
      "profit_hunt": 152,
      "runtime_observer": 203,
      "consciousness": 76,
      "scan_complete": 14
    },
    "missed_profit_hunts": 0,
    "profit_hunt_events": 152
  }
}