{
  "momentum": 47.0459096980393,
  "volume": 47.0459096980393,
  "institutional": 47.0459096980393,
  "vwap_slope": 47.0459096980393,
  "atr_bonus": 47.0459096980393,
  "mean_reversion": 47.0459096980393,
  "trend_filter": 47.0459096980393,
  "price_rising": 47.0459096980393,
  "rsi_filter": 47.0459096980393,
  "volatility_gate": 47.0459096980393,
  "_meta": {
    "train_timestamp": "2026-06-29T12:46:10.708168",
    "buffer_total": 2000,
    "buffer_win_rate": 0.243,
    "trade_win_rate": 1.0,
    "sources": {
      "live_trade": 419,
      "ppo_led": 227,
      "halim_ppo_coevolution": 427,
      "ppo_entry": 98,
      "ai_council": 200,
      "profit_hunt": 194,
      "runtime_observer": 289,
      "consciousness": 97,
      "scan_pick": 26,
      "scan_complete": 23
    },
    "missed_profit_hunts": 0,
    "profit_hunt_events": 194
  }
}