{
  "momentum": 39.20492474836609,
  "volume": 39.20492474836609,
  "institutional": 39.20492474836609,
  "vwap_slope": 39.20492474836609,
  "atr_bonus": 39.20492474836609,
  "mean_reversion": 39.20492474836609,
  "trend_filter": 39.20492474836609,
  "price_rising": 39.20492474836609,
  "rsi_filter": 39.20492474836609,
  "volatility_gate": 39.20492474836609,
  "_meta": {
    "train_timestamp": "2026-06-29T12:24:20.989584",
    "buffer_total": 2000,
    "buffer_win_rate": 0.244,
    "trade_win_rate": 1.0,
    "sources": {
      "live_trade": 459,
      "ppo_led": 224,
      "halim_ppo_coevolution": 418,
      "ppo_entry": 95,
      "ai_council": 194,
      "profit_hunt": 188,
      "runtime_observer": 283,
      "consciousness": 94,
      "scan_pick": 24,
      "scan_complete": 21
    },
    "missed_profit_hunts": 0,
    "profit_hunt_events": 188
  }
}