{
  "momentum": 8.975997805714282,
  "volume": 8.975997805714282,
  "institutional": 8.975997805714282,
  "vwap_slope": 8.975997805714282,
  "atr_bonus": 8.975997805714282,
  "mean_reversion": 8.975997805714282,
  "trend_filter": 8.975997805714282,
  "price_rising": 8.975997805714282,
  "rsi_filter": 8.975997805714282,
  "volatility_gate": 8.975997805714282,
  "_meta": {
    "train_timestamp": "2026-06-29T14:43:50.550293",
    "buffer_total": 2000,
    "buffer_win_rate": 0.249,
    "trade_win_rate": 0.143,
    "sources": {
      "ppo_led": 43,
      "halim_ppo_coevolution": 624,
      "runtime_observer": 91,
      "ai_council": 581,
      "consciousness": 43,
      "live_trade": 43,
      "scan_pick": 5,
      "scan_complete": 5,
      "ppo_entry": 42,
      "profit_hunt": 513,
      "fill_slippage_abort": 10
    },
    "missed_profit_hunts": 1,
    "profit_hunt_events": 513
  }
}