{
  "momentum": 3.404486622112097,
  "volume": 25.533649665840727,
  "institutional": 34.04486622112096,
  "vwap_slope": 8.51121655528024,
  "atr_bonus": 8.51121655528024,
  "mean_reversion": 8.51121655528024,
  "trend_filter": 17.02243311056048,
  "price_rising": 13.617946488448387,
  "rsi_filter": 5.106729933168146,
  "volatility_gate": 6.808973244224194,
  "_meta": {
    "train_timestamp": "2026-06-24T14:05:06.638024",
    "buffer_total": 1031,
    "buffer_win_rate": 0.508,
    "sources": {
      "backtest": 580,
      "market_context": 1,
      "scan_pick": 31,
      "ai_scan": 320,
      "live_entry": 71,
      "consciousness": 5,
      "live_trade": 23
    }
  }
}