{
  "momentum": 12.403639636448435,
  "volume": 50.0,
  "institutional": 50.0,
  "vwap_slope": 31.00909909112109,
  "atr_bonus": 31.00909909112109,
  "mean_reversion": 31.00909909112109,
  "trend_filter": 50.0,
  "price_rising": 49.61455854579374,
  "rsi_filter": 18.60545945467265,
  "volatility_gate": 24.80727927289687,
  "_meta": {
    "train_timestamp": "2026-06-22T09:05:55.495596",
    "buffer_total": 320,
    "buffer_win_rate": 0.894,
    "returns_win_rate": 0.207,
    "combined_win_rate": 0.55
  }
}