{
  "momentum": 4.426432691885309,
  "volume": 4.426432691885309,
  "institutional": 4.426432691885309,
  "vwap_slope": 4.426432691885309,
  "atr_bonus": 4.426432691885309,
  "mean_reversion": 4.426432691885309,
  "trend_filter": 4.426432691885309,
  "price_rising": 4.426432691885309,
  "rsi_filter": 4.426432691885309,
  "volatility_gate": 4.426432691885309,
  "_meta": {
    "train_timestamp": "2026-06-30T04:52:25.555326",
    "buffer_total": 2000,
    "buffer_win_rate": 0.143,
    "trade_win_rate": 0.0,
    "sources": {
      "ppo_led": 33,
      "halim_ppo_coevolution": 701,
      "ppo_entry": 49,
      "consciousness": 43,
      "runtime_observer": 92,
      "live_trade": 43,
      "ai_council": 668,
      "profit_hunt": 302,
      "scan_pick": 33,
      "scan_complete": 21,
      "fill_slippage_abort": 9,
      "teacher_ppo": 6
    },
    "missed_profit_hunts": 1,
    "profit_hunt_events": 302
  }
}