{
  "momentum": 22.579199999999997,
  "volume": 22.579199999999997,
  "institutional": 22.579199999999997,
  "vwap_slope": 22.579199999999997,
  "atr_bonus": 22.579199999999997,
  "mean_reversion": 22.579199999999997,
  "trend_filter": 22.579199999999997,
  "price_rising": 22.579199999999997,
  "rsi_filter": 22.579199999999997,
  "volatility_gate": 22.579199999999997,
  "_meta": {
    "train_timestamp": "2026-06-29T14:16:13.078150",
    "buffer_total": 2000,
    "buffer_win_rate": 0.256,
    "trade_win_rate": 0.1,
    "sources": {
      "halim_ppo_coevolution": 536,
      "runtime_observer": 219,
      "ai_council": 417,
      "ppo_led": 118,
      "ppo_entry": 78,
      "profit_hunt": 422,
      "consciousness": 78,
      "live_trade": 78,
      "scan_pick": 20,
      "scan_complete": 19,
      "fill_slippage_abort": 15
    },
    "missed_profit_hunts": 1,
    "profit_hunt_events": 422
  }
}