{
  "momentum": 6.331814223637406,
  "volume": 6.331814223637406,
  "institutional": 6.331814223637406,
  "vwap_slope": 6.331814223637406,
  "atr_bonus": 6.331814223637406,
  "mean_reversion": 6.331814223637406,
  "trend_filter": 6.331814223637406,
  "price_rising": 6.331814223637406,
  "rsi_filter": 6.331814223637406,
  "volatility_gate": 6.331814223637406,
  "_meta": {
    "train_timestamp": "2026-06-29T10:35:13.496338",
    "buffer_total": 2000,
    "buffer_win_rate": 0.278,
    "trade_win_rate": 1.0,
    "sources": {
      "live_trade": 974,
      "scan_pick": 15,
      "market_context": 1,
      "backtest": 21,
      "ppo_led": 168,
      "halim_ppo_coevolution": 273,
      "ppo_entry": 65,
      "ai_council": 105,
      "profit_hunt": 128,
      "runtime_observer": 175,
      "consciousness": 64,
      "scan_complete": 11
    },
    "missed_profit_hunts": 0,
    "profit_hunt_events": 128
  }
}