{
  "momentum": 1.2110130725175328,
  "volume": 1.2110130725175328,
  "institutional": 1.2110130725175328,
  "vwap_slope": 1.2110130725175328,
  "atr_bonus": 1.2110130725175328,
  "mean_reversion": 1.2110130725175328,
  "trend_filter": 1.2110130725175328,
  "price_rising": 1.2110130725175328,
  "rsi_filter": 1.2110130725175328,
  "volatility_gate": 1.2110130725175328,
  "_meta": {
    "train_timestamp": "2026-06-30T06:18:47.640037",
    "buffer_total": 2000,
    "buffer_win_rate": 0.145,
    "trade_win_rate": 0.129,
    "sources": {
      "ppo_entry": 80,
      "ai_council": 535,
      "halim_ppo_coevolution": 606,
      "consciousness": 34,
      "runtime_observer": 116,
      "live_trade": 63,
      "ppo_led": 71,
      "profit_hunt": 299,
      "scan_pick": 38,
      "scan_complete": 20,
      "teacher_ppo": 66,
      "replay_slippage_abort": 23,
      "replay_live": 49
    },
    "missed_profit_hunts": 1,
    "profit_hunt_events": 299
  }
}