{
  "momentum": 7.598177068364887,
  "volume": 7.598177068364887,
  "institutional": 7.598177068364887,
  "vwap_slope": 7.598177068364887,
  "atr_bonus": 7.598177068364887,
  "mean_reversion": 7.598177068364887,
  "trend_filter": 7.598177068364887,
  "price_rising": 7.598177068364887,
  "rsi_filter": 7.598177068364887,
  "volatility_gate": 7.598177068364887,
  "_meta": {
    "train_timestamp": "2026-06-29T10:43:19.447472",
    "buffer_total": 2000,
    "buffer_win_rate": 0.279,
    "trade_win_rate": 1.0,
    "sources": {
      "live_trade": 936,
      "scan_pick": 16,
      "market_context": 1,
      "backtest": 21,
      "ppo_led": 173,
      "halim_ppo_coevolution": 282,
      "ppo_entry": 68,
      "ai_council": 109,
      "profit_hunt": 134,
      "runtime_observer": 181,
      "consciousness": 67,
      "scan_complete": 12
    },
    "missed_profit_hunts": 0,
    "profit_hunt_events": 134
  }
}