{
  "momentum": 15.755579968961428,
  "volume": 15.755579968961428,
  "institutional": 15.755579968961428,
  "vwap_slope": 15.755579968961428,
  "atr_bonus": 15.755579968961428,
  "mean_reversion": 15.755579968961428,
  "trend_filter": 15.755579968961428,
  "price_rising": 15.755579968961428,
  "rsi_filter": 15.755579968961428,
  "volatility_gate": 15.755579968961428,
  "_meta": {
    "train_timestamp": "2026-06-29T11:31:44.034309",
    "buffer_total": 2000,
    "buffer_win_rate": 0.267,
    "trade_win_rate": 1.0,
    "sources": {
      "live_trade": 711,
      "scan_pick": 20,
      "market_context": 1,
      "backtest": 21,
      "ppo_led": 198,
      "halim_ppo_coevolution": 343,
      "ppo_entry": 80,
      "ai_council": 145,
      "profit_hunt": 158,
      "runtime_observer": 228,
      "consciousness": 79,
      "scan_complete": 16
    },
    "missed_profit_hunts": 0,
    "profit_hunt_events": 158
  }
}