{
  "momentum": 4.39709321085931,
  "volume": 4.39709321085931,
  "institutional": 4.39709321085931,
  "vwap_slope": 4.39709321085931,
  "atr_bonus": 4.39709321085931,
  "mean_reversion": 4.39709321085931,
  "trend_filter": 4.39709321085931,
  "price_rising": 4.39709321085931,
  "rsi_filter": 4.39709321085931,
  "volatility_gate": 4.39709321085931,
  "_meta": {
    "train_timestamp": "2026-06-29T10:25:40.317856",
    "buffer_total": 2000,
    "buffer_win_rate": 0.28,
    "trade_win_rate": 1.0,
    "sources": {
      "live_trade": 1052,
      "scan_pick": 14,
      "market_context": 1,
      "backtest": 21,
      "ppo_led": 159,
      "halim_ppo_coevolution": 252,
      "ppo_entry": 59,
      "ai_council": 93,
      "profit_hunt": 116,
      "runtime_observer": 165,
      "consciousness": 58,
      "scan_complete": 10
    },
    "missed_profit_hunts": 0,
    "profit_hunt_events": 116
  }
}