{
  "momentum": 6.916301081070794,
  "volume": 6.916301081070794,
  "institutional": 6.916301081070794,
  "vwap_slope": 6.916301081070794,
  "atr_bonus": 6.916301081070794,
  "mean_reversion": 6.916301081070794,
  "trend_filter": 6.916301081070794,
  "price_rising": 6.916301081070794,
  "rsi_filter": 6.916301081070794,
  "volatility_gate": 6.916301081070794,
  "_meta": {
    "train_timestamp": "2026-06-29T16:02:26.254992",
    "buffer_total": 2000,
    "buffer_win_rate": 0.195,
    "trade_win_rate": 0.195,
    "sources": {
      "profit_hunt": 404,
      "ai_council": 641,
      "halim_ppo_coevolution": 679,
      "consciousness": 40,
      "runtime_observer": 83,
      "live_trade": 40,
      "ppo_led": 38,
      "ppo_entry": 40,
      "scan_pick": 13,
      "scan_complete": 9,
      "fill_slippage_abort": 9,
      "teacher_ppo": 4
    },
    "missed_profit_hunts": 1,
    "profit_hunt_events": 404
  }
}