{
  "momentum": 8.218089456924357,
  "volume": 50.0,
  "institutional": 50.0,
  "vwap_slope": 20.545223642310894,
  "atr_bonus": 20.545223642310894,
  "mean_reversion": 20.545223642310894,
  "trend_filter": 41.09044728462179,
  "price_rising": 32.87235782769743,
  "rsi_filter": 12.327134185386534,
  "volatility_gate": 16.436178913848714,
  "_meta": {
    "train_timestamp": "2026-06-22T08:55:50.949769",
    "buffer_total": 262,
    "buffer_win_rate": 0.893,
    "sources": {
      "backtest": 261,
      "market_context": 1
    }
  }
}