{
  "momentum": 5.101031933173325,
  "volume": 38.25773949879994,
  "institutional": 50.0,
  "vwap_slope": 12.75257983293331,
  "atr_bonus": 12.75257983293331,
  "mean_reversion": 12.75257983293331,
  "trend_filter": 25.50515966586662,
  "price_rising": 20.4041277326933,
  "rsi_filter": 7.651547899759987,
  "volatility_gate": 10.20206386634665,
  "_meta": {
    "train_timestamp": "2026-06-22T08:22:03.756904",
    "buffer_total": 175,
    "buffer_win_rate": 0.891,
    "sources": {
      "backtest": 174,
      "market_context": 1
    }
  }
}