{
  "momentum": 1.96687287706679,
  "volume": 14.751546578000927,
  "institutional": 19.6687287706679,
  "vwap_slope": 4.917182192666975,
  "atr_bonus": 4.917182192666975,
  "mean_reversion": 4.917182192666975,
  "trend_filter": 9.83436438533395,
  "price_rising": 7.86749150826716,
  "rsi_filter": 2.9503093156001854,
  "volatility_gate": 3.93374575413358,
  "_meta": {
    "train_timestamp": "2026-06-21T09:50:21.960648",
    "samples": 679,
    "win_rate": 0.404,
    "total_pnl_usd": 38.65,
    "n_stocks": 7,
    "avg_win_rate": 40.6
  }
}