{
  "momentum": 1.9762760000000001,
  "volume": 14.822070000000002,
  "institutional": 19.76276,
  "vwap_slope": 4.94069,
  "atr_bonus": 4.94069,
  "mean_reversion": 4.94069,
  "trend_filter": 9.88138,
  "price_rising": 7.905104000000001,
  "rsi_filter": 2.964414,
  "volatility_gate": 3.9525520000000003,
  "_meta": {
    "train_timestamp": "2026-06-21T10:22:58.305836",
    "samples": 71,
    "win_rate": 0.38,
    "total_pnl_usd": 57.35,
    "n_stocks": 1,
    "avg_win_rate": 38.0
  }
}