{
  "momentum": 2.120511772212245,
  "volume": 2.120511772212245,
  "institutional": 2.120511772212245,
  "vwap_slope": 2.120511772212245,
  "atr_bonus": 2.120511772212245,
  "mean_reversion": 2.120511772212245,
  "trend_filter": 2.120511772212245,
  "price_rising": 2.120511772212245,
  "rsi_filter": 2.120511772212245,
  "volatility_gate": 2.120511772212245,
  "_meta": {
    "train_timestamp": "2026-06-29T09:46:48.037057",
    "buffer_total": 2000,
    "buffer_win_rate": 0.281,
    "trade_win_rate": 1.0,
    "sources": {
      "replay_slippage_abort": 18,
      "replay_live": 31,
      "live_trade": 1066,
      "ppo_led": 160,
      "halim_ppo_coevolution": 222,
      "ppo_entry": 58,
      "profit_hunt": 103,
      "runtime_observer": 150,
      "ai_council": 62,
      "teacher_ppo": 15,
      "scan_pick": 11,
      "market_context": 2,
      "backtest": 50,
      "consciousness": 46,
      "scan_complete": 6
    },
    "missed_profit_hunts": 0,
    "profit_hunt_events": 103
  }
}