{
  "momentum": 0.8521861224489797,
  "volume": 0.8521861224489797,
  "institutional": 0.8521861224489797,
  "vwap_slope": 0.8521861224489797,
  "atr_bonus": 0.8521861224489797,
  "mean_reversion": 0.8521861224489797,
  "trend_filter": 0.8521861224489797,
  "price_rising": 0.8521861224489797,
  "rsi_filter": 0.8521861224489797,
  "volatility_gate": 0.8521861224489797,
  "_meta": {
    "train_timestamp": "2026-06-29T09:09:31.001012",
    "buffer_total": 2000,
    "buffer_win_rate": 0.269,
    "trade_win_rate": 1.0,
    "sources": {
      "halim_ppo_coevolution": 201,
      "replay_live": 74,
      "ppo_entry": 59,
      "profit_hunt": 88,
      "runtime_observer": 145,
      "live_trade": 1078,
      "ppo_led": 163,
      "replay_slippage_abort": 43,
      "ai_council": 37,
      "scan_pick": 9,
      "scan_complete": 5,
      "teacher_ppo": 15,
      "market_context": 2,
      "backtest": 50,
      "consciousness": 31
    },
    "missed_profit_hunts": 1,
    "profit_hunt_events": 88
  }
}