{
  "momentum": 3.6642443423827586,
  "volume": 3.6642443423827586,
  "institutional": 3.6642443423827586,
  "vwap_slope": 3.6642443423827586,
  "atr_bonus": 3.6642443423827586,
  "mean_reversion": 3.6642443423827586,
  "trend_filter": 3.6642443423827586,
  "price_rising": 3.6642443423827586,
  "rsi_filter": 3.6642443423827586,
  "volatility_gate": 3.6642443423827586,
  "_meta": {
    "train_timestamp": "2026-06-29T10:09:59.512608",
    "buffer_total": 2000,
    "buffer_win_rate": 0.289,
    "trade_win_rate": 1.0,
    "sources": {
      "live_trade": 1057,
      "ppo_led": 157,
      "halim_ppo_coevolution": 237,
      "replay_slippage_abort": 4,
      "replay_live": 2,
      "ppo_entry": 57,
      "runtime_observer": 151,
      "teacher_ppo": 15,
      "scan_pick": 14,
      "market_context": 2,
      "backtest": 50,
      "ai_council": 80,
      "profit_hunt": 110,
      "consciousness": 55,
      "scan_complete": 9
    },
    "missed_profit_hunts": 0,
    "profit_hunt_events": 110
  }
}