{
  "momentum": 0.7407781635148111,
  "volume": 0.7407781635148111,
  "institutional": 0.7407781635148111,
  "vwap_slope": 0.7407781635148111,
  "atr_bonus": 0.7407781635148111,
  "mean_reversion": 0.7407781635148111,
  "trend_filter": 0.7407781635148111,
  "price_rising": 0.7407781635148111,
  "rsi_filter": 0.7407781635148111,
  "volatility_gate": 0.7407781635148111,
  "_meta": {
    "train_timestamp": "2026-06-30T08:01:47.644218",
    "buffer_total": 2000,
    "buffer_win_rate": 0.057,
    "trade_win_rate": 0.36,
    "sources": {
      "ai_council": 295,
      "halim_ppo_coevolution": 482,
      "ppo_led": 187,
      "runtime_observer": 187,
      "ppo_entry": 166,
      "profit_hunt": 86,
      "consciousness": 8,
      "live_trade": 113,
      "scan_pick": 55,
      "scan_complete": 25,
      "teacher_ppo": 109,
      "replay_slippage_abort": 102,
      "replay_live": 181,
      "halim_ppo_outcome": 4
    },
    "missed_profit_hunts": 0,
    "profit_hunt_events": 86
  }
}